Reward,No cash trade,No stock trade,Net worth end game
-400.75566482543934,5,30,199.2443351745606
-231.33151245117188,12,5,228.66848754882812
-204.8558349609375,3,0,220.1441650390625
-165.34294891357422,7,1,224.65705108642578
-204.0448341369629,0,0,215.9551658630371
-205.43976211547852,4,3,214.56023788452148
-201.15075302124023,2,2,213.84924697875977
-217.7761116027832,5,3,212.2238883972168
-197.22332763671875,5,0,217.77667236328125
-233.49001693725583,2,4,216.50998306274417
-138.98537063598633,3,1,226.01462936401367
-222.26008224487305,6,2,217.73991775512695
-218.67832183837896,4,3,216.32167816162104
-197.32267379760742,5,2,222.67732620239258
-287.0275535583496,8,4,207.9724464416504
-215.13692474365234,9,1,219.86307525634766
-204.07762527465823,2,0,210.92237472534177
-241.48579406738284,4,3,218.51420593261716
-180.82208251953125,8,0,219.17791748046875
-196.0891456604004,3,0,213.9108543395996
-251.97829055786138,4,2,208.02170944213862
-231.43495178222656,7,1,213.56504821777344
-153.69410705566412,4,1,216.30589294433588
-187.1369514465332,5,1,217.8630485534668
-201.27098083496094,0,7,208.72901916503906
-204.68938446044922,0,1,220.31061553955078
-246.54047393798828,1,3,218.45952606201172
-189.45765304565433,3,1,210.54234695434567
-206.68860244750977,2,1,213.31139755249023
-255.22055053710938,2,4,214.77944946289062
-281.57509994506836,4,4,208.42490005493164
-180.42097091674805,4,0,219.57902908325195
-184.32683563232422,0,2,220.67316436767578
-219.27966690063477,7,0,215.72033309936523
-205.63475036621094,5,0,219.36524963378906
-163.10359954833984,1,1,236.89640045166016
-229.49842453002933,4,1,215.50157546997067
-242.1978416442871,6,1,217.8021583557129
-228.67676925659174,6,2,231.32323074340826
-260.8585433959961,5,2,224.1414566040039
-170.6655387878418,8,2,214.3344612121582
-252.0583992004395,6,2,212.9416007995605
-229.61333847045893,8,2,225.38666152954107
-175.4905090332031,9,1,224.5094909667969
-264.5697135925293,9,1,225.4302864074707
-240.92466354370106,5,3,209.07533645629894
-241.6225700378418,13,0,218.3774299621582
-213.10073471069336,5,0,211.89926528930664
-173.43524169921875,2,1,211.56475830078125
-214.41791915893555,8,0,225.58208084106445
-165.10522460937497,12,0,229.89477539062503
-214.7518920898438,9,0,215.2481079101562
-231.54061508178705,14,0,213.45938491821295
-147.0303726196289,6,0,217.9696273803711
-203.65204620361328,1,1,216.34795379638672
-221.6313438415527,8,0,218.3686561584473
-248.4806442260742,10,3,221.5193557739258
-203.04010009765625,6,1,211.95989990234375
-234.39249801635748,10,0,225.60750198364252
-223.61514282226557,1,1,211.38485717773443
-217.2458572387696,8,3,207.7541427612304
-242.23297882080078,13,1,222.76702117919922
-228.93246078491214,11,2,231.06753921508786
-147.94683456420898,2,1,212.05316543579102
-261.7097930908203,8,0,228.29020690917972
-211.0197143554688,3,2,223.9802856445312
-210.15242385864258,6,6,219.84757614135742
-218.0149345397949,7,0,221.9850654602051
-186.822265625,9,0,218.177734375
-214.39845657348633,15,0,230.60154342651367
-258.81604766845703,10,1,231.18395233154294
-189.78701019287104,6,0,215.21298980712896
-217.28752899169922,7,0,222.71247100830078
-210.97263717651367,7,1,229.02736282348633
-181.77460098266607,7,2,228.22539901733393
-254.073974609375,11,2,210.926025390625
-243.27177047729492,9,1,231.72822952270508
-225.9733123779297,5,1,219.0266876220703
-109.57411575317383,1,1,230.42588424682617
-247.46183776855463,13,0,222.53816223144537
-199.34344482421878,10,0,225.65655517578122
-242.20073699951175,10,0,227.79926300048825
-207.67902755737313,10,0,232.32097244262687
-222.14395904541018,3,0,202.85604095458982
-219.46308135986334,4,1,215.53691864013666
-230.8853530883789,5,2,219.1146469116211
-204.08421325683594,5,1,215.91578674316406
-210.72642135620123,2,2,224.27357864379877
-206.34453582763672,8,0,218.65546417236328
-215.9584007263184,8,1,234.0415992736816
-182.29639053344727,3,0,232.70360946655273
-211.7947006225586,1,0,208.2052993774414
-193.8191261291504,6,0,221.1808738708496
-163.21356582641602,1,0,226.78643417358398
-180.93257522583005,7,1,229.06742477416995
-166.05317687988278,6,1,223.94682312011722
-180.36042404174802,4,1,224.63957595825198
-219.48621368408203,7,0,215.51378631591797
-154.8958549499512,0,0,215.1041450500488
-200.08618164062509,9,2,229.91381835937491
-207.04970169067377,12,0,217.95029830932623
-195.05621337890625,6,0,219.94378662109375
-163.6370391845703,5,0,221.3629608154297
-244.92134094238287,11,2,220.07865905761713
-241.59860610961914,10,0,228.40139389038086
-207.34280014038083,4,2,222.65719985961917
-224.69241333007818,1,1,215.30758666992182
-225.22470092773432,10,0,219.77529907226568
-235.71960449218747,9,0,214.28039550781253
-262.1085548400879,11,0,232.8914451599121
-210.36434173583984,6,0,214.63565826416016
-265.61465072631836,11,1,219.38534927368164
-240.03160095214838,11,0,229.96839904785162
-176.9795150756836,7,0,223.0204849243164
-276.5861167907715,16,1,228.41388320922854
-170.3791275024414,12,2,229.6208724975586
-203.22587203979487,7,1,221.77412796020513
-220.02780532836914,4,0,214.97219467163086
-166.93248748779294,3,0,228.06751251220706
-193.92152404785156,4,1,231.07847595214844
-206.74627685546875,6,2,228.25372314453125
-208.01072692871094,10,0,231.98927307128906
-174.88535308837888,6,1,225.11464691162112
-278.9969596862793,12,2,216.00304031372076
-187.78447723388672,9,2,212.21552276611328
-217.7833938598632,11,0,232.2166061401368
-156.14505767822268,5,2,218.85494232177732
-212.84913253784174,9,1,222.15086746215826
-177.77739715576175,4,1,217.22260284423825
-159.49061965942383,1,0,205.50938034057617
-211.91426467895505,7,4,213.08573532104495
-121.03136825561523,1,0,218.96863174438477
-185.01918029785153,7,1,219.98081970214847
-156.33524322509766,1,0,213.66475677490234
-170.4283332824707,1,1,224.5716667175293
-183.0383758544922,4,1,221.9616241455078
-180.8345909118653,1,0,214.1654090881347
-183.08808135986328,2,1,211.91191864013672
-150.55531311035156,2,0,219.44468688964844
-162.91656875610352,0,0,212.08343124389648
-190.57058334350586,2,0,214.42941665649414
-222.4849090576172,8,1,222.5150909423828
-175.5261573791504,0,2,209.4738426208496
-158.90199661254883,1,0,221.09800338745117
-158.54143905639648,3,0,216.45856094360352
-129.0440254211426,6,0,220.9559745788574
-184.65637588500982,1,1,215.34362411499018
-192.91738510131836,4,2,217.08261489868164
-174.1143035888672,8,1,215.8856964111328
-186.2828903198242,5,0,233.7171096801758
-172.50322341918942,7,1,222.49677658081058
-196.03392791748047,1,1,208.96607208251953
-179.89192581176755,3,0,225.10807418823245
-195.75362396240232,11,0,229.24637603759768
-153.89343643188482,1,0,221.10656356811518
-205.32902526855472,11,1,229.67097473144528
-190.45427703857422,11,0,229.54572296142578
-212.76046371459958,13,0,227.23953628540042
-223.73101043701175,8,0,226.26898956298825
-232.83462142944336,8,4,222.16537857055664
-201.62685394287104,12,1,223.37314605712896
-220.93975830078125,14,0,229.06024169921875
-169.17710494995117,8,0,230.82289505004883
-206.44202423095703,6,0,213.55797576904297
-200.83984375000003,9,0,234.16015624999997
-161.3992424011231,5,0,218.6007575988769
-231.14909744262692,5,0,213.85090255737308
-203.92792510986328,2,1,221.07207489013672
-227.6781768798828,7,0,217.3218231201172
-191.5858192443848,4,0,213.4141807556152
-166.51886367797852,2,0,218.48113632202148
-193.0362548828125,5,1,216.9637451171875
-221.40065383911133,4,1,223.59934616088867
-191.6631736755371,0,1,213.3368263244629
-142.29403686523438,0,0,222.70596313476562
-135.97577285766602,2,2,214.02422714233398
-167.1190147399902,5,0,222.8809852600098
-199.49583816528317,2,1,215.50416183471683
-190.01128387451178,11,2,214.98871612548822
-219.09944534301763,2,1,215.90055465698237
-148.09751510620114,6,0,236.90248489379886
-166.77919387817383,0,2,218.22080612182617
-128.3704452514649,6,1,221.6295547485351
-146.3124198913574,10,0,218.6875801086426
-146.179141998291,2,2,223.820858001709
-164.3985176086426,2,1,215.6014823913574
-211.16957092285156,5,0,228.83042907714844
-178.97195053100583,6,0,226.02804946899417
-140.50278472900388,3,0,219.49721527099612
-193.82756423950195,7,0,226.17243576049805
-217.99087524414068,9,1,222.00912475585932
-184.0728797912597,6,0,225.9271202087403
-234.60140991210938,12,1,225.39859008789062
-155.10943603515625,3,2,219.89056396484375
-182.79740524291992,10,0,222.20259475708008
-189.909553527832,7,3,210.090446472168
-204.78409576416016,2,2,215.21590423583984
-194.29006958007812,5,1,225.70993041992188
-173.36199951171872,10,0,221.63800048828128
-142.8396759033203,2,1,237.1603240966797
-151.63356399536124,3,0,218.36643600463876
-202.19226837158206,10,1,227.80773162841794
-166.30081939697266,5,1,213.69918060302734
-143.3337440490723,6,0,216.6662559509277
-171.65288543701172,1,0,213.34711456298828
-274.9092216491699,9,0,215.09077835083008
-170.15754318237305,2,1,214.84245681762695
-147.65645599365234,6,0,217.34354400634766
-155.75755310058597,0,2,214.24244689941403
-192.97420120239258,2,1,222.02579879760742
-112.04336166381836,2,0,227.95663833618164
-212.24426651000977,6,0,217.75573348999023
-169.39611816406247,9,0,230.60388183593753
-215.69202423095703,5,0,219.30797576904297
-131.02220535278317,4,0,228.97779464721683
-153.5124320983887,15,1,231.4875679016113
-253.83150863647464,18,1,226.16849136352536
-314.8525848388672,10,0,220.14741516113278
-203.26083755493164,7,2,226.73916244506836
-207.2103042602539,18,0,227.7896957397461
-148.61158370971683,7,0,231.38841629028317
-158.7958869934082,7,0,221.2041130065918
-233.5640411376953,14,1,226.4359588623047
-208.19086837768555,9,1,216.80913162231445
-128.42337036132818,4,1,236.57662963867182
-188.5847663879395,9,0,221.4152336120605
-184.93648147583008,7,0,225.06351852416992
-247.25645446777344,10,0,217.74354553222656
-188.3930892944336,2,2,216.6069107055664
-164.9292602539062,6,3,215.0707397460938
-228.66077423095703,13,0,216.33922576904297
-165.7902793884277,3,0,224.2097206115723
-160.1409912109375,1,1,224.8590087890625
-149.26619720458984,1,0,225.73380279541016
-142.53612518310547,5,1,217.46387481689453
-197.92273712158203,9,0,227.07726287841797
-197.81571197509766,6,2,222.18428802490234
-159.12984085083008,2,0,220.87015914916992
-165.55533599853516,3,2,234.44466400146484
-171.5242576599121,7,0,233.4757423400879
-234.6463966369629,7,2,215.3536033630371
-158.9498748779297,2,0,226.0501251220703
-153.21129989624023,3,0,221.78870010375977
-196.0805702209472,4,0,213.9194297790528
-234.1787834167481,14,0,220.8212165832519
-175.8193855285644,1,1,214.1806144714356
-200.25746536254883,14,1,229.74253463745117
-131.446102142334,0,0,218.553897857666
-164.6018829345703,0,2,205.3981170654297
-238.89741516113276,9,1,226.10258483886724
-212.16314697265625,11,0,222.83685302734375
-177.3138656616211,0,3,202.6861343383789
-242.22169876098636,8,0,222.77830123901364
-138.7427101135254,0,1,226.2572898864746
-114.03777313232425,0,3,225.96222686767575
-175.76105499267584,4,4,219.23894500732416
-221.66781616210943,13,2,223.33218383789057
-160.80874633789068,13,1,229.19125366210932
-143.8819236755371,2,0,221.1180763244629
-121.20513916015625,2,1,213.79486083984375
-165.2420616149902,7,0,224.7579383850098
-174.2715377807617,3,1,220.7284622192383
-129.84166717529297,2,0,220.15833282470703
-144.08562469482422,7,0,220.91437530517578
-166.62298583984375,2,0,218.37701416015625
-111.17739486694336,1,0,223.82260513305664
-157.22783660888672,4,0,217.77216339111328
-164.9712142944336,12,0,230.0287857055664
-173.74161529541018,4,0,231.25838470458982
-155.35879516601562,4,0,224.64120483398438
-151.37208938598633,4,0,213.62791061401367
-147.23838043212888,5,0,232.76161956787112
-117.11101913452151,3,0,232.8889808654785
-164.71652221679693,8,0,235.28347778320307
-185.9009475708008,9,0,219.0990524291992
-148.76273727416995,2,0,226.23726272583005
-121.67288589477536,2,0,223.32711410522464
-235.05091094970706,20,0,224.94908905029294
-143.79763031005857,4,1,221.20236968994143
-208.09282302856445,7,0,216.90717697143555
-162.31417465209967,9,0,227.68582534790033
-129.84472656250006,9,0,230.15527343749994
-148.16845321655276,4,0,231.83154678344724
-164.8851203918457,9,0,230.1148796081543
-203.02811813354487,4,0,216.97188186645513
-172.99545288085938,13,0,227.00454711914062
-169.19503021240234,3,0,225.80496978759766
-210.28908538818354,9,0,224.71091461181646
-200.18587112426763,6,0,224.81412887573237
-129.58148956298817,2,0,215.41851043701183
-172.9748916625977,3,0,227.0251083374023
-186.72542572021487,10,0,223.27457427978513
-175.4512825012207,2,4,214.5487174987793
-140.33826065063474,4,0,219.66173934936526
-167.45845413208005,5,0,227.54154586791995
-138.06880950927734,1,2,216.93119049072266
-151.41017913818357,3,0,228.58982086181643
-146.88813400268558,8,3,228.11186599731442
-159.26355361938477,9,0,225.73644638061523
-121.34059524536136,6,0,228.65940475463864
-114.07966232299808,7,0,230.92033767700192
-158.25442504882818,5,0,221.74557495117182
-198.208251953125,10,1,231.791748046875
-190.21250534057617,14,1,224.78749465942383
-158.09368133544922,5,1,231.90631866455078
-187.52326965332028,5,0,217.47673034667972
-129.00362014770508,8,0,230.99637985229492
-155.48126983642575,7,0,229.51873016357425
-161.34476470947266,2,1,218.65523529052734
-164.7698745727539,6,0,220.2301254272461
-167.9995536804199,3,0,212.0004463195801
-103.25370407104492,2,0,221.74629592895508
-169.7056655883789,5,0,230.2943344116211
-146.2288589477539,8,0,223.7711410522461
-187.00851440429693,10,1,227.99148559570307
-194.8337097167968,12,1,225.1662902832032
-188.37261199951175,12,1,216.62738800048825
-225.42887496948242,18,2,224.57112503051758
-192.9885025024414,10,0,227.0114974975586
-187.78035354614258,9,2,217.21964645385742
-163.60985183715826,5,2,216.39014816284174
-123.1886215209961,4,0,226.8113784790039
-186.50233078002927,6,0,223.49766921997073
-133.73312759399414,5,0,236.26687240600586
-131.39873504638672,5,0,223.60126495361328
-156.5825958251953,3,0,213.4174041748047
-150.10247802734375,6,0,219.89752197265625
-203.3734817504883,15,0,221.6265182495117
-135.98250198364255,8,0,224.01749801635745
-138.33381652832028,5,0,216.66618347167972
-164.09097671508786,0,2,220.90902328491214
-155.41459655761716,4,0,219.58540344238284
-175.8418846130371,9,1,219.1581153869629
-188.21772384643555,11,0,226.78227615356445
-167.9725189208984,2,1,237.0274810791016
-190.87506866455072,3,0,219.12493133544928
-133.19282913208013,8,0,216.80717086791987
-174.9905090332031,10,0,225.0094909667969
-189.24901199340823,9,2,235.75098800659177
-88.9071884155274,4,0,231.0928115844726
-125.36307907104492,0,1,214.63692092895508
-151.5335235595703,7,0,213.4664764404297
-189.63015747070312,5,0,220.36984252929688
-150.7709884643555,1,2,224.2290115356445
-158.17550659179688,3,2,221.82449340820312
-168.0599060058594,10,0,226.9400939941406
-128.35271453857422,9,0,221.64728546142578
-189.53637313842776,9,1,225.46362686157224
-163.6382942199707,4,0,231.3617057800293
-101.70690917968747,3,1,233.29309082031253
-180.231143951416,5,0,214.768856048584
-161.36596298217773,7,4,228.63403701782227
-156.6621208190918,2,1,223.3378791809082
-99.97805786132812,2,0,220.02194213867188
-160.52077865600583,7,0,224.47922134399417
-201.22823715209958,12,0,228.77176284790042
-175.52451705932614,5,1,214.47548294067386
-171.1477317810059,9,0,223.8522682189941
-183.68987274169922,7,2,211.31012725830078
-145.02042770385742,2,0,224.97957229614258
-154.28731536865232,3,0,220.71268463134768
-130.0108375549317,4,1,224.9891624450683
-204.99572753906244,6,1,225.00427246093756
-129.2128944396972,4,0,230.7871055603028
-193.61997222900388,12,1,236.38002777099612
-174.28645706176758,4,0,220.71354293823242
-183.88936614990237,13,0,241.11063385009763
-200.31288146972656,9,0,234.68711853027344
-136.59850692749026,2,1,233.40149307250974
-153.94466018676763,8,0,231.05533981323237
-167.05821990966794,2,1,217.94178009033206
-227.52797698974607,19,0,222.47202301025393
-123.30179595947266,4,0,226.69820404052734
-155.93541336059573,9,0,219.06458663940427
-135.06827545166013,6,0,224.93172454833987
-168.63876342773443,12,0,231.36123657226557
-140.47920227050778,4,0,214.52079772949222
-144.68419647216794,8,0,225.31580352783206
-136.77105331420898,3,0,218.22894668579102
-196.10888671875,5,2,218.89111328125
-205.2820281982422,11,0,224.7179718017578
-146.31484603881836,5,0,223.68515396118164
-168.40164947509768,8,0,226.59835052490232
-135.73370742797854,7,0,239.26629257202146
-159.3446769714356,3,1,215.6553230285644
-120.61854934692383,5,2,214.38145065307617
-130.7381439208985,0,1,219.2618560791015
-171.91395950317383,11,0,238.08604049682617
-158.5554466247558,6,2,221.4445533752442
-148.44504165649414,3,0,221.55495834350586
-132.19821166992185,4,1,227.80178833007815
-187.62887954711917,9,2,217.37112045288083
-157.48641204833984,6,0,222.51358795166016
-159.4529037475586,11,1,220.5470962524414
-159.90398025512692,5,2,230.09601974487308
-180.9934043884277,12,0,229.0065956115723
-183.99750900268555,11,0,231.00249099731445
-155.0580787658691,7,0,229.9419212341309
-175.95183944702148,10,0,224.04816055297852
-181.96756744384763,4,2,233.03243255615237
-155.0849266052247,10,0,224.9150733947753
-140.44841766357422,1,0,229.55158233642578
-138.10660171508786,5,1,226.89339828491214
-147.30633163452148,6,0,237.69366836547852
-137.40121078491208,3,0,222.59878921508792
-140.9043083190918,6,0,229.0956916809082
-149.95616531372073,6,0,230.04383468627927
-171.71710968017578,5,1,223.28289031982422
-132.29820251464844,4,2,227.70179748535156
-161.74249649047852,3,1,208.25750350952148
-129.14439010620123,1,3,230.85560989379877
-148.73109817504883,12,1,226.26890182495117
-182.00052642822266,6,2,227.99947357177734
-153.3908386230469,11,0,236.6091613769531
-111.88793945312497,5,0,238.11206054687503
-64.68724060058591,5,0,230.3127593994141
-156.80122375488284,2,2,218.19877624511716
-127.36695861816403,6,1,237.63304138183597
-111.81631851196292,4,1,228.18368148803708
-142.23111343383795,2,1,232.76888656616205
-101.29265213012695,2,2,223.70734786987305
-134.290153503418,6,0,230.709846496582
-100.26018905639648,2,0,229.73981094360352
-123.98987960815433,2,1,226.01012039184567
-148.5371208190918,1,2,226.4628791809082
-164.4239616394043,3,0,215.5760383605957
-144.7676315307616,6,3,235.2323684692384
-113.76065063476557,3,0,231.23934936523443
-126.58468627929688,2,0,223.41531372070312
-115.04853820800778,0,1,219.95146179199222
-145.13104248046878,4,1,229.86895751953122
-127.06552886962888,2,1,222.93447113037112
-84.74191284179685,3,0,230.25808715820315
-166.80237960815433,5,0,233.19762039184567
-180.73617935180667,3,1,234.26382064819333
-140.0949516296387,8,0,224.9050483703613
-164.72105407714844,2,2,225.27894592285156
-136.8398704528809,2,0,223.1601295471191
-120.4930305480957,6,0,234.5069694519043
-160.86478805541992,7,0,219.13521194458008
-173.2318458557129,0,3,226.7681541442871
-136.32526016235352,7,0,233.67473983764648
-134.8292579650879,1,3,215.1707420349121
-157.66263961791987,9,0,227.33736038208013
-160.3049659729004,7,0,229.6950340270996
-124.3312759399414,6,0,220.6687240600586
-153.81568145751956,4,0,226.18431854248044
-69.03829956054688,1,0,235.96170043945312
-123.77348327636719,1,0,231.2265167236328
-121.37206649780279,3,1,218.6279335021972
-115.19139862060538,4,1,229.80860137939462
-117.27215957641599,4,0,232.727840423584
-87.59621429443362,7,0,222.40378570556638
-117.34282684326175,4,0,227.65717315673825
-162.12952041625977,7,0,217.87047958374023
-98.6999626159668,1,0,221.3000373840332
-115.36703109741214,1,0,214.63296890258786
-114.55488967895508,3,1,210.44511032104492
-146.10560226440433,3,1,223.89439773559567
-124.66444778442391,8,0,225.3355522155761
-164.66874694824222,8,0,230.33125305175778
-173.12650680541987,10,0,226.87349319458013
-109.75859069824216,5,0,230.24140930175784
-115.42331314086914,3,1,234.57668685913086
-149.00253677368158,5,0,215.99746322631842
-119.8539428710938,7,0,230.1460571289062
-156.64028930664062,7,0,228.35971069335938
-107.10531234741211,0,0,217.8946876525879
-168.22547531127924,9,0,221.77452468872076
-153.05614852905276,6,1,226.94385147094724
-149.334285736084,9,1,220.665714263916
-155.11014938354492,3,2,234.88985061645508
-108.1897010803223,4,0,226.8102989196777
-215.77095413208008,18,0,224.22904586791992
-116.30475997924808,0,0,238.69524002075192
-159.60135269165045,9,1,230.39864730834955
-149.32704544067383,5,0,215.67295455932617
-149.22122192382818,5,0,235.77877807617182
-142.84081649780268,10,3,242.15918350219732
-166.2025299072266,6,0,218.7974700927734
-145.46140670776367,6,1,214.53859329223633
-126.25065612792969,1,0,238.7493438720703
-115.96662521362305,1,1,229.03337478637695
-111.05014419555658,10,0,238.94985580444342
-138.51838684082028,9,0,206.48161315917972
-101.33366012573245,2,1,238.66633987426755
-147.12313079833976,4,1,232.87686920166024
-143.57106399536133,3,1,216.42893600463867
-158.3931655883789,2,3,216.6068344116211
-134.7811584472656,6,2,220.2188415527344
-135.49047470092776,10,0,229.50952529907224
-185.6326141357422,16,0,224.3673858642578
-155.1482276916504,4,0,224.8517723083496
-178.2398872375488,11,1,226.7601127624512
-104.21672821044928,8,0,230.78327178955072
-114.57306671142578,6,0,230.42693328857422
-131.908390045166,8,1,228.091609954834
-137.02696990966797,2,0,237.97303009033203
-153.0517921447754,11,0,231.9482078552246
-179.84812927246097,4,0,215.15187072753903
-87.7146568298339,5,0,232.2853431701661
-139.1510162353516,3,0,230.8489837646484
-115.85894393920898,5,0,224.14105606079102
-150.93435668945312,3,0,214.06564331054688
-75.41349029541013,5,0,229.58650970458987
-125.83079147338867,8,2,234.16920852661133
-184.45709991455084,9,0,230.54290008544916
-111.06378555297852,3,1,228.93621444702148
-177.8387222290039,10,0,227.1612777709961
-76.33578872680661,3,2,238.6642112731934
-157.72352218627927,11,1,222.27647781372073
-133.98905181884766,4,0,221.01094818115234
-168.06803131103513,10,3,216.93196868896487
-137.1811637878418,1,0,222.8188362121582
-161.20333862304685,13,0,223.79666137695315
-113.04244613647461,2,1,226.9575538635254
-139.24366760253906,1,3,210.75633239746094
-129.04841613769526,8,1,225.95158386230474
-66.24714279174799,4,1,233.752857208252
-96.84954833984372,3,0,238.15045166015628
-163.9447784423828,10,1,221.0552215576172
-128.9553146362305,6,1,216.0446853637695
-161.57637405395513,3,4,233.42362594604487
-116.05631256103513,3,1,233.94368743896487
-161.2162132263184,9,0,228.7837867736816
-112.46310424804682,7,1,222.53689575195318
-161.76836395263672,1,2,233.23163604736328
-165.3784065246582,10,2,204.6215934753418
-123.10757827758789,5,1,231.8924217224121
-80.25160980224612,3,3,229.74839019775388
-82.81003570556646,1,2,237.18996429443354
-121.95363998413092,5,0,233.04636001586908
-105.48212814331052,8,0,219.51787185668948
-145.62957763671875,1,2,234.37042236328125
-131.401611328125,1,1,213.598388671875
-128.1144905090333,4,2,231.8855094909667
-117.3518257141113,1,2,232.6481742858887
-98.93589782714847,8,0,226.06410217285153
-135.52189636230472,5,1,224.47810363769528
-130.4984283447265,6,0,234.5015716552735
-102.81510162353516,1,0,242.18489837646484
-128.32690048217776,8,1,231.67309951782224
-125.67936706542972,9,1,239.32063293457028
-113.50717926025393,7,0,226.49282073974607
-138.53745651245117,1,2,216.46254348754883
-94.41629028320312,0,3,230.58370971679688
-145.43766784667963,5,2,224.56233215332037
-100.0405006408692,1,0,219.9594993591308
-107.9206161499024,3,2,222.0793838500976
-76.53255462646487,0,0,223.46744537353513
-148.35458374023435,6,0,226.64541625976565
-89.72088623046875,0,3,225.27911376953125
-91.63345718383789,2,3,228.3665428161621
-113.88013076782227,1,2,236.11986923217773
-107.74325180053711,3,1,217.2567481994629
-128.37141418457028,3,5,236.62858581542972
-120.89121627807617,6,2,239.10878372192383
-94.1151504516601,1,3,240.8848495483399
-100.51005172729492,11,0,224.48994827270508
-138.68566513061518,8,3,226.31433486938482
-85.65655517578125,0,0,229.34344482421875
-107.02644729614258,2,3,222.97355270385742
-94.26667404174805,1,1,220.73332595825195
-141.0565490722656,13,0,218.9434509277344
-136.53400039672852,3,1,223.46599960327148
-100.5016174316406,3,1,234.4983825683594
-110.51123428344727,1,2,229.48876571655273
-90.3927001953125,2,0,224.6072998046875
-87.18378448486325,3,0,232.81621551513675
-110.11298370361328,3,0,219.88701629638672
-106.12017059326172,4,1,243.87982940673828
-95.29777908325192,7,1,234.70222091674808
-125.99587631225586,3,1,229.00412368774414
-130.31299591064456,4,0,234.68700408935544
-110.46504974365237,2,0,214.53495025634763
-100.5634765625,4,1,234.4365234375
-104.71017456054688,2,1,225.28982543945312
-100.53721237182617,3,2,244.46278762817383
-98.23823547363281,6,0,221.7617645263672
-150.3688278198243,6,1,229.6311721801757
-165.83226776123044,0,3,214.16773223876956
-135.13931655883792,1,0,224.86068344116208
-77.35590362548834,1,0,222.64409637451166
-100.31538391113284,3,0,224.68461608886716
-113.98392105102545,8,0,231.01607894897455
-91.64796829223633,2,1,218.35203170776367
-125.81272888183597,2,0,214.18727111816403
-158.55486297607422,1,2,216.44513702392578
-77.60686492919922,2,0,237.39313507080078
-138.20466613769526,8,1,231.79533386230474
-109.6393852233887,2,1,235.3606147766113
-83.64409255981445,3,0,236.35590744018555
-135.76895141601565,7,0,229.23104858398435
-105.47272872924813,4,0,229.52727127075187
-110.17187500000003,2,4,239.82812499999997
-105.83808898925776,5,0,224.16191101074224
-86.22860336303711,2,1,228.7713966369629
-133.56244659423828,1,1,226.43755340576172
-101.90632629394534,0,0,223.09367370605466
-104.61783599853516,1,0,235.38216400146484
-85.05953216552737,1,2,234.94046783447263
-73.88417053222656,2,2,236.11582946777344
-92.0691909790039,0,1,232.9308090209961
-92.83719635009763,7,0,222.16280364990237
-86.10867691040036,6,0,223.89132308959964
-108.34973907470703,2,1,236.65026092529297
-196.0015373229981,12,1,228.9984626770019
-83.38283920288092,3,2,236.61716079711908
-161.35683822631833,10,1,223.64316177368167
-149.93968963623047,5,0,230.06031036376953
-84.62289428710938,6,0,240.37710571289062
-70.81204605102533,2,0,234.18795394897467
-94.52798080444333,1,1,235.47201919555667
-163.13475036621094,10,0,226.86524963378906
-97.74105072021484,4,2,217.25894927978516
-99.38657760620117,7,0,230.61342239379883
-135.81856918334964,11,0,224.18143081665036
-135.60772705078122,4,1,234.39227294921878
-102.66096115112305,3,1,227.33903884887695
-138.39870452880862,3,0,216.60129547119138
-104.26807403564456,6,0,215.73192596435544
-107.84553146362305,0,0,222.15446853637695
-107.1836929321289,7,0,237.8163070678711
-71.34012222290039,0,0,228.6598777770996
-96.81101989746094,1,0,213.18898010253906
-107.81896209716803,1,0,232.18103790283197
-106.32089233398432,3,1,223.67910766601568
-126.47990417480469,1,1,223.5200958251953
-128.5219421386719,6,0,216.4780578613281
-158.7212028503418,5,2,211.2787971496582
-122.87940216064447,1,0,217.12059783935553
-117.04238510131836,4,1,232.95761489868164
-139.00160980224604,3,2,220.99839019775396
-123.15651321411133,6,0,226.84348678588867
-129.9266166687012,7,1,230.0733833312988
-126.68801879882821,4,0,223.3119812011718
-83.49507522583008,0,0,226.50492477416992
-144.40111541748047,6,3,240.59888458251953
-144.76799774169925,8,1,220.23200225830075
-95.40457153320315,2,0,214.59542846679685
-124.84896087646484,4,2,235.15103912353516
-80.45748901367185,2,0,219.54251098632815
-106.78810501098633,8,0,228.21189498901367
-109.26489639282221,8,0,240.7351036071778
-128.88687896728516,7,0,226.11312103271484
-106.22807312011719,2,0,223.7719268798828
-59.151329040527315,0,1,230.84867095947268
-66.5503044128418,1,0,228.4496955871582
-92.57044219970703,1,1,222.42955780029297
-143.244915008545,11,0,226.755084991455
-78.44413757324219,4,1,226.5558624267578
-89.84574508666987,4,0,230.15425491333013
-112.16622924804685,6,0,212.83377075195315
-116.95984649658209,9,0,228.0401535034179
-94.87263107299808,7,0,225.12736892700192
-132.3750991821289,0,11,202.6249008178711
-99.82083129882812,7,0,230.17916870117188
-134.27106094360343,12,0,225.72893905639657
-95.57331848144531,2,0,229.4266815185547
-166.6354713439941,8,1,228.3645286560059
-103.65152359008789,5,0,221.3484764099121
-106.87864303588867,9,0,228.12135696411133
-120.58811569213873,5,0,224.41188430786127
-121.13340377807617,5,1,233.86659622192383
-105.61136245727545,7,0,229.38863754272455
-85.63907241821289,1,0,224.3609275817871
-152.59246063232425,4,0,222.40753936767575
-110.78763198852539,4,0,239.2123680114746
-88.22600173950192,3,1,231.77399826049808
-98.81332015991211,1,0,231.1866798400879
-104.8157920837402,4,1,230.1842079162598
-125.39394760131833,13,0,229.60605239868167
-126.70908737182612,11,0,228.29091262817388
-103.53345870971683,2,0,236.46654129028317
-91.01433563232428,4,0,228.98566436767572
-62.04492950439456,4,0,232.95507049560544
-141.87077331542966,11,1,223.12922668457034
-163.62486267089844,10,0,226.37513732910156
-143.49745559692383,12,0,226.50254440307617
-110.4394340515137,5,1,219.5605659484863
-122.58824157714844,13,0,227.41175842285156
-59.24834060668948,1,0,230.75165939331052
-77.66997146606445,3,0,222.33002853393555
-95.073371887207,10,0,224.926628112793
-119.10404205322271,3,0,235.8959579467773
-100.98537826538089,6,0,234.0146217346191
-112.30143356323242,6,0,227.69856643676758
-115.01950073242188,8,0,224.98049926757812
-111.72529983520505,5,1,238.27470016479495
-94.54661941528329,4,1,235.4533805847167
-79.89654159545904,3,1,220.10345840454096
-87.74016952514651,2,0,237.2598304748535
-172.41880798339844,9,0,217.58119201660156
-81.05764389038089,5,0,228.9423561096191
-122.35007095336914,8,0,227.64992904663086
-116.40616989135737,10,0,228.59383010864263
-166.92964172363284,19,0,228.07035827636716
-98.24938964843747,7,0,226.75061035156253
-125.24763870239258,4,0,224.75236129760742
-151.43338775634768,12,1,223.56661224365232
-97.97089385986334,9,0,232.02910614013666
-104.45635604858396,4,0,230.54364395141604
-87.28665161132812,3,0,222.71334838867188
-101.18680572509763,9,0,223.81319427490237
-74.54835891723633,6,1,230.45164108276367
-110.24589920043942,5,1,229.75410079956058
-96.04048156738281,4,1,223.9595184326172
-134.80179595947266,2,3,225.19820404052734
-151.10322952270505,5,1,228.89677047729495
-100.09168243408203,2,3,224.90831756591797
-120.26900482177734,8,0,229.73099517822266
-78.46734237670904,2,0,231.53265762329096
-140.95592880249023,4,0,219.04407119750977
-104.08639526367193,1,1,240.91360473632807
-81.13036727905282,5,0,213.86963272094718
-59.47791290283209,5,1,240.5220870971679
-101.2803726196289,3,0,228.7196273803711
-123.28266906738278,6,1,221.71733093261722
-93.0160026550293,3,0,231.9839973449707
-97.18128967285156,2,0,227.81871032714844
-92.97486114501953,5,1,232.02513885498047
-118.77092742919922,7,0,231.22907257080078
-92.99329376220712,4,1,232.00670623779288
-106.22265243530276,4,0,228.77734756469724
-143.93828201293942,2,3,231.06171798706058
-126.19381713867188,8,0,228.80618286132812
-40.05029296875006,0,0,234.94970703124994
-125.88433837890622,8,0,224.11566162109378
-134.93421173095706,4,0,225.06578826904294
-104.63323593139646,5,0,230.36676406860354
-111.08668136596671,2,0,233.9133186340333
-47.12031173706049,1,1,237.8796882629395
-89.02417373657224,6,1,230.97582626342776
-138.7219390869141,3,0,216.2780609130859
-61.661647796630916,0,2,223.33835220336908
-121.53627777099607,1,1,218.46372222900393
-64.62919616699219,0,0,215.3708038330078
-98.79610061645508,2,0,216.20389938354492
-90.4479866027832,0,0,214.5520133972168
-77.40405654907227,1,1,217.59594345092773
-122.84739685058594,2,3,217.15260314941406
-117.19478607177734,0,1,217.80521392822266
-112.9036827087402,2,0,227.0963172912598
-65.68725585937503,1,1,219.31274414062497
-122.1981201171875,0,5,207.8018798828125
-63.640716552734375,0,0,221.35928344726562
-78.11832809448242,1,0,231.88167190551758
-104.23067855834961,1,1,215.7693214416504
-64.87341690063477,2,1,235.12658309936523
-96.00606155395513,1,0,223.99393844604487
-68.98321151733398,4,1,211.01678848266602
-95.49103164672852,4,0,239.50896835327148
-55.60779571533206,3,0,224.39220428466794
-77.56417465209964,1,2,227.43582534790036
-103.22806930541987,0,1,221.77193069458013
-67.46403884887692,1,1,227.53596115112308
-62.36529541015619,5,1,242.6347045898438
-75.56911849975586,4,0,229.43088150024414
-106.83599472045893,6,0,233.16400527954107
-61.717742919921875,1,1,233.28225708007812
-97.42730331420893,2,2,232.57269668579107
-95.26616287231437,1,1,234.73383712768563
-67.93266677856445,0,0,227.06733322143555
-82.6492805480957,1,0,222.3507194519043
-88.67313766479492,6,0,231.32686233520508
-120.99037170410153,10,0,229.00962829589847
-140.76210784912107,9,0,224.23789215087893
-87.21032333374023,3,0,227.78967666625977
-56.14206695556638,1,0,238.85793304443362
-73.32328033447263,1,0,216.67671966552737
-116.1898231506348,9,0,228.8101768493652
-22.953369140625085,0,0,232.04663085937491
-67.15350723266604,0,2,232.84649276733396
-83.35615921020505,2,0,231.64384078979495
-105.9054679870606,3,1,244.0945320129394
-101.46916198730466,8,0,233.53083801269534
-56.21685791015625,1,1,238.78314208984375
-39.568214416503935,0,0,235.43178558349607
-73.3582992553711,1,1,236.6417007446289
-77.58778381347662,4,0,237.41221618652338
-118.5603332519531,4,0,236.4396667480469
-113.39546966552737,6,2,226.60453033447263
-112.52312850952148,4,1,222.47687149047852
-91.13842010498041,4,0,213.8615798950196
-81.21095275878906,1,0,223.78904724121094
-78.29850006103521,1,0,231.7014999389648
-60.43638229370123,3,3,239.56361770629877
-98.25182723999015,2,0,226.74817276000985
-64.75238800048831,4,0,220.2476119995117
-52.23779296875,0,0,232.76220703125
-123.34490585327151,6,0,231.6550941467285
-90.6719551086426,6,0,224.3280448913574
-108.7113418579101,4,0,231.2886581420899
-116.82302856445312,4,0,213.17697143554688
-86.31668090820318,5,1,233.68331909179682
-78.11240768432614,2,2,226.88759231567386
-99.93207550048828,6,0,230.06792449951172
-65.87825393676766,1,1,239.12174606323234
-74.422004699707,1,1,235.577995300293
-78.93376922607422,3,0,231.06623077392578
-174.26049423217773,13,0,220.73950576782227
-47.41231155395508,0,0,222.58768844604492
-74.85260391235352,3,2,245.14739608764648
-56.9517707824707,0,1,228.0482292175293
-73.4022178649902,4,1,241.5977821350098
-101.42214584350589,1,1,238.5778541564941
-110.29474639892578,5,0,229.70525360107422
-67.1923828125,5,1,237.8076171875
-123.0772514343262,8,0,221.9227485656738
-82.94052505493173,5,0,242.05947494506827
-153.82476806640622,13,3,221.17523193359378
-159.09793090820312,8,0,225.90206909179688
-62.15703201293951,2,0,232.8429679870605
-100.05868530273443,1,2,224.94131469726557
-81.72467422485352,0,0,233.27532577514648
-104.97337341308591,0,3,235.0266265869141
-110.90999221801758,3,1,224.09000778198242
-61.73046493530276,1,1,228.26953506469724
-40.365474700927734,1,0,239.63452529907227
-102.76498031616208,6,1,232.23501968383792
-86.33121490478513,1,5,233.66878509521487
-94.79186248779297,13,0,220.20813751220703
-132.80000305175787,3,2,242.19999694824213
-93.88590240478513,2,3,231.11409759521487
-57.33407974243161,1,2,232.6659202575684
-77.25801849365234,3,0,227.74198150634766
-92.30574035644531,2,3,237.6942596435547
-83.15437698364255,13,0,226.84562301635745
-75.5707130432128,5,0,219.4292869567872
-59.11259078979492,9,0,230.88740921020508
-110.64567565917966,6,0,224.35432434082034
-109.28122711181643,4,0,230.71877288818357
-35.71973037719721,2,0,244.2802696228028
-126.09120178222653,7,1,223.90879821777347
-78.22525787353516,6,0,231.77474212646484
-117.5373497009277,10,0,227.4626502990723
-59.84146118164068,1,0,230.15853881835932
-93.96601867675787,4,2,236.03398132324213
-48.77952575683594,0,1,236.22047424316406
-89.32381820678705,1,0,235.67618179321295
-47.176700592041016,3,1,232.82329940795898
-107.20677566528323,1,2,232.79322433471677
-143.25506591796878,16,0,226.74493408203122
-103.85784912109375,4,1,226.14215087890625
-55.559806823730554,2,1,234.44019317626945
-124.64256286621091,8,0,225.3574371337891
-77.08130645751959,6,0,232.9186935424804
-82.55307769775385,3,1,237.44692230224615
-49.13883590698239,3,0,230.8611640930176
-107.46268844604492,6,1,227.53731155395508
-73.64102935791013,6,0,226.35897064208987
-52.40395736694339,0,2,232.5960426330566
-112.78324890136716,10,0,227.21675109863284
-90.96577072143552,1,0,229.03422927856448
-26.799575805664034,2,1,238.20042419433597
-40.8232612609863,1,1,229.1767387390137
-97.78387832641602,1,1,222.21612167358398
-101.1341323852539,8,0,228.8658676147461
-109.88300704956058,4,1,235.11699295043942
-81.20719146728513,3,0,233.79280853271487
-113.87195587158209,8,0,231.1280441284179
-106.20569992065433,6,0,223.79430007934567
-116.29619598388675,9,2,223.70380401611325
-88.48645782470703,7,0,226.51354217529297
-78.73503112792966,3,0,226.26496887207034
-58.022891998291016,2,1,236.97710800170898
-83.61901855468747,5,0,226.38098144531253
-67.13399505615234,2,1,237.86600494384766
-104.93453598022467,9,0,225.06546401977533
-77.32720184326178,0,0,227.67279815673822
-31.900360107421847,2,1,233.09963989257815
-153.88651657104487,11,0,221.11348342895513
-84.9244155883789,7,0,230.0755844116211
-59.112888336181555,2,0,230.88711166381844
-110.96131896972662,8,0,224.03868103027338
-128.89304351806638,5,0,226.10695648193362
-130.91641235351568,6,1,229.08358764648432
-80.81739044189453,4,0,234.18260955810547
-130.75695800781247,13,0,229.24304199218753
-92.60891342163086,6,0,227.39108657836914
-89.07023239135751,5,0,230.9297676086425
-85.77605819702146,3,1,234.22394180297854
-81.14859390258789,2,1,213.8514060974121
-47.18668365478513,1,0,227.81331634521487
-119.68634414672852,4,0,215.31365585327148
-90.37037658691398,4,1,234.62962341308602
-13.539493560790959,1,0,241.46050643920904
-72.02598953247067,5,1,227.97401046752933
-76.39176177978521,1,1,233.6082382202148
-57.71191406250003,1,0,232.28808593749997
-122.75167465209961,6,0,232.2483253479004
-134.54447555541992,1,2,215.45552444458008
-76.01560592651367,2,1,228.98439407348633
-114.0617980957031,6,0,225.9382019042969
-11.37955856323245,1,1,233.62044143676755
-97.30841064453122,4,1,217.69158935546878
-142.36067581176758,1,11,217.63932418823242
-83.03969192504877,2,0,231.96030807495123
-76.39388275146482,6,0,228.60611724853518
-60.24166488647455,3,1,244.75833511352545
-97.27657699584967,2,0,217.72342300415033
-96.60900497436523,3,0,213.39099502563477
-94.6755256652832,1,1,210.3244743347168
-48.81425094604498,2,1,241.18574905395502
-84.70888900756833,3,0,220.29111099243167
-112.67145919799802,6,0,227.32854080200198
-99.28218841552737,3,5,220.71781158447263
-96.34591674804688,4,0,243.65408325195312
-76.69391250610352,1,3,213.30608749389648
-82.91456604003909,6,0,227.0854339599609
-72.44127273559567,4,0,237.55872726440433
-103.43834686279303,7,0,221.56165313720697
-81.76339340209961,1,0,233.2366065979004
-81.5203895568848,2,0,228.4796104431152
-124.31215667724612,8,0,225.68784332275388
-44.92429351806638,2,0,230.07570648193362
-110.04275131225586,8,1,229.95724868774414
-27.66201400756836,0,0,237.33798599243164
-95.28626251220703,2,2,214.71373748779297
-48.420822143554744,0,0,236.57917785644526
-110.0451316833497,4,0,224.9548683166503
-82.56793975830084,5,2,232.43206024169916
-36.322021484375,1,0,233.677978515625
-77.41025543212888,1,0,237.58974456787112
-70.50261688232425,2,0,229.49738311767575
-92.05971908569333,7,1,227.94028091430667
-70.34676742553711,1,0,219.6532325744629
-74.96986770629883,4,1,230.03013229370117
-102.15150451660159,13,0,227.8484954833984
-78.04396820068362,3,0,221.95603179931638
-63.36839675903332,4,0,231.63160324096668
-74.2094841003418,1,3,230.7905158996582
-97.057502746582,10,1,222.942497253418
-119.84864807128909,1,1,235.1513519287109
-53.87984085083008,1,0,236.12015914916992
-45.5901184082031,5,0,234.4098815917969
-99.91638946533206,1,0,220.08361053466794
-39.88426208496094,0,2,230.11573791503906
-41.28050613403323,0,0,218.71949386596677
-56.41032791137701,3,0,238.589672088623
-80.72054290771484,2,1,219.27945709228516
-20.7354736328125,2,0,239.2645263671875
-41.24907684326166,4,0,233.75092315673834
-15.049221038818416,2,0,239.95077896118158
-74.49570083618164,1,0,235.50429916381836
-83.3563003540039,3,0,236.6436996459961
-54.16010665893555,1,0,235.83989334106445
-93.85140991210935,6,0,231.14859008789065
-98.33277893066406,2,0,226.66722106933594
-28.656246185302734,2,0,231.34375381469727
-65.4018173217774,4,0,234.5981826782226
-48.98838806152338,2,0,241.01161193847662
-74.79565429687503,2,1,230.20434570312497
-35.108657836914034,2,0,234.89134216308597
-56.56501007080081,4,1,243.4349899291992
-47.79825973510739,4,0,232.2017402648926
-19.513534545898466,1,0,240.48646545410153
-49.03196716308591,0,0,235.9680328369141
-73.79987335205072,2,3,236.20012664794928
-60.01909255981448,3,1,224.98090744018552
-62.91651916503906,0,0,227.08348083496094
-30.830841064453097,1,1,239.1691589355469
-50.609161376953125,0,0,234.39083862304688
-58.62036132812497,1,0,216.37963867187503
-101.54524230957026,11,0,228.45475769042974
-40.37664031982425,3,0,239.62335968017575
-66.2903060913086,4,0,213.7096939086914
-74.85514831542969,3,3,225.1448516845703
-133.01710510253906,8,1,221.98289489746094
-39.49002075195315,5,0,240.50997924804685
-156.69504928588867,0,6,213.30495071411133
-80.2177314758301,8,1,239.7822685241699
-80.15240097045901,6,0,229.847599029541
-63.793930053710966,1,0,231.20606994628903
-29.50829315185547,1,0,235.49170684814453
-63.84435272216794,1,2,231.15564727783206
-68.44377517700198,6,0,226.55622482299802
-29.421783447265682,3,0,240.57821655273432
-67.8585472106933,0,2,232.1414527893067
-99.35819625854498,7,0,225.64180374145502
-83.51295852661127,1,1,231.48704147338873
-48.85739898681646,1,0,231.14260101318354
-46.51817703247073,1,0,233.48182296752927
-47.29802322387695,3,0,232.70197677612305
-47.53131484985349,0,2,232.4686851501465
-120.41367721557617,4,2,204.58632278442383
-41.10065841674802,3,0,223.89934158325198
-37.75253677368167,1,2,237.24746322631833
-31.728321075439453,1,0,233.27167892456055
-27.98736572265625,1,0,237.01263427734375
-35.40860366821286,2,1,229.59139633178714
-72.6924057006836,0,0,217.3075942993164
-43.227951049804716,1,2,236.77204895019528
-90.3645935058594,6,0,229.6354064941406
-59.77139663696295,1,0,225.22860336303705
-41.889366149902344,0,3,233.11063385009766
-67.60351181030273,4,0,217.39648818969727
-75.15119552612308,0,0,224.84880447387692
-54.22323608398435,0,0,225.77676391601565
-50.74347305297849,0,0,229.2565269470215
-55.43368148803711,2,0,234.5663185119629
-62.207069396972685,4,0,227.79293060302732
-24.733837127685575,0,1,240.26616287231442
-86.18341827392575,1,2,228.81658172607425
-71.81957626342773,1,0,223.18042373657227
-77.8562126159668,0,2,222.1437873840332
-65.74857711791992,4,0,229.25142288208008
-50.91566467285156,5,0,224.08433532714844
-42.07804489135748,2,0,232.92195510864252
-28.700626373291072,3,0,236.29937362670893
-73.88152694702154,6,0,216.11847305297846
-42.11946487426758,3,0,207.88053512573242
-65.5306396484375,2,0,229.4693603515625
-54.49771118164057,1,0,235.50228881835943
-48.47921371459964,5,0,216.52078628540036
-59.1365661621094,1,0,220.8634338378906
-60.88595199584955,2,0,234.11404800415045
-51.105960845947266,5,0,233.89403915405273
-46.55935287475583,1,0,233.44064712524417
-49.312435150146456,2,0,215.68756484985354
-71.42338180541992,1,0,213.57661819458008
-10.979698181152372,0,0,219.02030181884763
-56.68307876586914,0,0,228.31692123413086
-50.15045166015625,1,2,229.84954833984375
-60.24655914306649,4,0,224.7534408569335
-29.35786437988284,3,0,230.64213562011716
-53.462043762206974,4,0,231.53795623779303
-21.07020568847659,1,0,233.9297943115234
-77.01791763305664,4,0,222.98208236694336
-23.17514419555667,1,0,231.82485580444333
-90.47757339477539,5,0,219.5224266052246
-72.55191421508792,5,0,217.44808578491208
-42.00534057617185,2,0,237.99465942382815
-79.11695861816409,2,1,215.8830413818359
-21.775375366210966,0,3,243.22462463378903
-70.16123580932614,3,1,234.83876419067386
-58.45463562011716,1,2,236.54536437988284
-69.45650482177732,2,0,230.54349517822268
-76.79367065429688,0,4,233.20632934570312
-56.85242080688482,0,5,238.14757919311518
-57.362037658691435,1,2,232.63796234130857
-39.07393264770508,3,2,240.92606735229492
-63.87811660766599,2,3,236.121883392334
-96.18026733398432,6,5,228.81973266601568
-63.257137298583956,1,1,231.74286270141604
-35.83121871948242,3,1,239.16878128051758
-84.33526992797849,4,1,225.6647300720215
-55.55881881713873,3,1,234.44118118286127
-79.55647659301758,1,2,225.44352340698242
-43.60212707519531,2,0,221.3978729248047
-73.75809478759766,0,4,226.24190521240234
-32.636844635009766,1,0,227.36315536499023
-57.26657485961911,1,1,222.7334251403809
-87.33320999145508,0,1,222.66679000854492
-44.67786407470706,2,0,220.32213592529294
-76.56605529785156,5,1,223.43394470214844
-49.334716796875,2,1,230.665283203125
-63.01803588867185,0,3,231.98196411132815
-86.12978744506836,2,3,233.87021255493164
-56.388107299804716,2,0,228.61189270019528
-56.24718856811518,3,0,228.75281143188482
-103.49798583984372,2,6,226.50201416015628
-112.52693557739258,3,3,227.47306442260742
-15.137767791748047,1,0,234.86223220825195
-52.01619338989255,0,2,232.98380661010745
-77.26039123535156,1,3,237.73960876464844
-22.035316467285156,0,2,232.96468353271484
-93.16974258422852,2,4,226.83025741577148
-43.489089965820284,0,1,236.51091003417972
-56.61569976806646,1,1,233.38430023193354
-76.77004241943354,6,2,238.22995758056646
-46.3574867248536,5,2,243.6425132751464
-62.50556564331055,3,2,232.49443435668945
-45.854923248291044,2,2,234.14507675170896
-67.23954391479492,3,2,232.76045608520508
-42.21759796142581,1,1,232.7824020385742
-64.35856246948245,2,3,210.64143753051755
-41.84972000122062,2,1,228.15027999877938
-45.02063751220706,3,0,234.97936248779294
-87.82580184936523,5,2,237.17419815063477
-59.41614151000974,3,3,235.58385848999026
-55.12689590454093,3,2,244.87310409545907
-63.79117965698242,4,0,241.20882034301758
-22.24702072143546,3,0,237.75297927856454
-12.25297927856451,3,1,237.7470207214355
-74.2987022399902,2,2,235.7012977600098
-89.51464080810547,1,6,235.48535919189453
-37.366661071777315,2,3,232.63333892822268
-72.11484527587896,0,1,237.88515472412104
-100.06042098999026,1,2,209.93957901000974
-29.215106964111328,3,0,230.78489303588867
-31.253284454345675,0,0,233.74671554565433
-40.13192367553708,1,1,229.86807632446292
-39.341678619384794,1,0,235.6583213806152
-37.01710510253906,4,1,232.98289489746094
-42.31592559814453,0,0,237.68407440185547
-75.18336105346685,4,0,229.81663894653315
-51.66970443725589,4,0,233.3302955627441
-33.81509017944339,1,0,231.1849098205566
-20.575942993164034,3,1,239.42405700683597
10.919200897216854,0,1,235.91920089721685
-25.3390922546387,0,1,234.6609077453613
-51.485958099365234,1,0,233.51404190063477
-37.076324462890625,0,2,227.92367553710938
-56.16283416748047,2,0,243.83716583251953
-29.65174102783203,0,0,235.34825897216797
-74.81501388549813,4,1,220.18498611450187
-54.650569915771456,0,3,240.34943008422854
-74.29983901977545,8,0,230.70016098022455
-59.240531921386804,0,0,235.7594680786132
-72.62007522583008,5,0,227.37992477416992
-54.17621994018552,3,0,230.82378005981448
-89.30954360961914,2,0,240.69045639038086
-30.822975158691435,1,0,239.17702484130857
-11.212299346923857,0,2,238.78770065307614
-56.82195281982425,8,0,228.17804718017575
-62.86415100097662,0,0,237.13584899902338
-24.332828521728544,5,0,230.66717147827146
-25.089237213134822,0,2,239.91076278686518
-47.46846389770505,1,0,237.53153610229495
-41.701942443847656,1,2,238.29805755615234
-60.89049911499029,3,2,229.1095008850097
-89.46899032592773,10,1,225.53100967407227
-39.87483596801761,1,0,230.1251640319824
-46.194900512695284,0,0,238.80509948730472
-64.82054138183591,1,0,230.1794586181641
-54.59805679321289,2,0,225.4019432067871
-36.98505020141596,1,0,233.01494979858404
-58.1970100402832,2,0,231.8029899597168
-32.00485229492182,7,0,232.99514770507818
-122.88640594482416,8,0,222.11359405517584
-36.86566543579099,0,4,233.134334564209
-55.98262405395508,1,3,239.01737594604492
-22.29376220703125,1,0,227.70623779296875
-37.43384552001953,5,0,232.56615447998047
-34.70408630371094,0,0,235.29591369628906
-58.2474479675293,0,1,221.7525520324707
-44.582813262939425,2,0,235.41718673706058
-58.16670227050781,4,0,231.8332977294922
-15.722812652587862,2,0,244.27718734741214
-75.51911926269531,3,0,234.4808807373047
-73.70458984374994,0,1,231.29541015625006
-51.717411041259794,2,0,228.2825889587402
-58.66470336914065,0,1,236.33529663085935
-91.3375129699707,4,3,218.6624870300293
-74.01189422607422,1,2,225.98810577392578
-67.88187026977542,2,0,232.11812973022458
-23.819343566894503,1,0,236.1806564331055
-68.11383056640622,1,1,231.88616943359378
-33.354915618896484,1,0,226.64508438110352
-51.88552474975583,0,5,238.11447525024417
-58.35071182250968,1,0,231.64928817749032
-53.208621978759766,3,0,226.79137802124023
-27.49770355224615,5,1,247.50229644775385
-35.50251007080075,5,0,234.49748992919925
-69.61758041381836,4,2,245.38241958618164
-94.92557144165033,6,0,230.07442855834967
-30.34013748168948,3,2,239.65986251831052
-38.904907226562415,2,1,241.09509277343759
-58.50012969970706,6,0,231.49987030029294
-17.564769744873104,1,0,242.4352302551269
-18.517139434814453,2,1,241.48286056518555
-51.30696868896493,6,1,248.69303131103507
-11.089832305908175,1,1,233.91016769409183
-44.582027435302706,0,3,230.4179725646973
-63.277626037597656,5,1,221.72237396240234
-46.834110260009766,3,0,238.16588973999023
-13.939178466796989,0,0,246.060821533203
-37.54490661621102,1,2,237.45509338378898
-89.63164138793945,8,0,225.36835861206055
-76.10893630981445,2,1,233.89106369018555
-72.2807693481445,6,0,222.7192306518555
-63.34502029418951,1,3,236.6549797058105
-10.959167480468693,2,1,234.0408325195313
-69.21826171874997,2,2,230.78173828125003
-40.90256500244138,1,3,234.09743499755862
-24.67338180541995,2,0,240.32661819458005
-38.549667358398494,5,0,226.4503326416015
-59.687843322753935,2,1,235.31215667724607
-81.89152526855472,2,2,228.10847473144528
-87.8063011169433,0,5,237.1936988830567
-47.71652221679693,4,0,227.28347778320307
-19.258022308349638,0,2,240.74197769165036
-34.95989990234372,4,0,230.04010009765628
-73.26483535766602,1,5,221.73516464233398
-27.356815338134766,1,0,242.64318466186523
-37.52109527587888,5,2,247.47890472412112
-21.98462677001953,0,0,238.01537322998047
-71.88628768920898,4,2,243.11371231079102
-63.819759368896484,5,1,221.18024063110352
-32.53028106689459,2,0,237.4697189331054
-49.195884704589815,2,1,230.80411529541018
-44.646377563476534,1,2,240.35362243652347
-59.66949844360349,1,2,230.3305015563965
-47.255416870117216,0,1,237.74458312988278
-50.41167068481437,3,3,239.58832931518563
-10.019832611083956,1,1,239.98016738891604
-28.92572021484378,1,2,241.07427978515622
-50.2733993530274,5,1,244.7266006469726
-59.866378784179716,1,4,220.13362121582028
-50.22903442382815,1,3,229.77096557617185
-102.59521484375003,9,0,227.40478515624997
-33.43752670288089,2,0,231.5624732971191
-7.710384368896456,0,1,237.28961563110354
-1.951309204101534,0,0,238.04869079589847
-48.49213409423828,4,0,231.50786590576172
-59.01759338378909,4,2,240.9824066162109
-35.332786560058565,1,0,234.66721343994143
-13.303905487060518,1,0,236.69609451293948
-5.63580322265625,0,0,234.36419677734375
-70.15234375000003,1,2,219.84765624999997
-23.167766571044893,0,1,236.8322334289551
-46.21879959106445,1,0,228.78120040893555
-40.15884780883789,0,0,239.8411521911621
-39.22152328491211,0,1,220.7784767150879
-50.28092956542966,2,4,209.71907043457034
-51.47569274902344,3,0,228.52430725097656
-52.433250427246094,3,0,227.5667495727539
-13.274040222167969,0,0,231.72595977783203
-29.75078582763669,0,1,235.2492141723633
-47.073947906494084,0,0,232.92605209350592
-0.39996337890625,0,0,239.60003662109375
-69.8564414978027,0,0,225.1435585021973
-29.144977569579993,0,1,240.85502243042
-72.54821014404297,1,4,227.45178985595703
-34.006351470947266,2,0,230.99364852905273
-37.91029357910162,1,3,237.08970642089838
-29.45013427734378,1,0,235.54986572265622
-18.663829803466825,0,3,236.33617019653317
-8.703224182128906,1,0,241.2967758178711
-36.13588714599618,1,1,238.86411285400382
-41.78520202636719,2,2,238.2147979736328
-32.50333023071289,1,0,227.4966697692871
-31.13854980468753,0,3,238.86145019531247
-54.10183334350586,3,3,230.89816665649414
-22.370658874511747,1,0,237.62934112548825
-74.1197929382324,8,2,230.8802070617676
-25.40290069580078,2,3,234.59709930419922
-44.80576705932623,2,0,235.19423294067377
-10.930358886718693,2,2,244.0696411132813
-31.874507904052678,2,0,233.12549209594732
-4.109127044677763,1,0,245.89087295532224
-38.797714233398466,1,1,231.20228576660153
-35.19744110107425,1,0,244.80255889892575
-0.17863464355471592,2,1,239.82136535644528
-75.44757461547854,6,1,224.55242538452146
-28.499568939208984,1,1,236.50043106079102
-57.41465377807614,6,0,227.58534622192386
-46.73832321166992,1,1,233.26167678833008
-35.01157379150402,2,2,244.98842620849598
-30.069343566894588,2,0,224.9306564331054
-61.96174240112302,5,1,228.03825759887698
-16.189044952392607,5,0,238.8109550476074
-67.05564880371094,4,0,232.94435119628906
-30.633777618408203,0,1,239.3662223815918
-43.13842773437497,1,0,236.86157226562503
-37.223533630371094,2,3,237.7764663696289
-78.76673507690427,5,0,226.23326492309573
-51.209781646728544,5,0,228.79021835327146
-2.978389739990206,1,0,232.0216102600098
-54.78130340576172,8,0,225.21869659423828
-17.580204010009766,0,2,237.41979598999023
-25.709083557128878,0,1,239.29091644287112
-35.16433334350589,1,0,244.8356666564941
-13.817890167236357,0,1,236.18210983276364
-48.692142486572266,2,0,246.30785751342773
-22.31654357910159,7,1,242.6834564208984
-59.13561248779294,6,0,240.86438751220706
-16.947872161865178,0,0,233.05212783813482
-40.41980743408206,4,1,239.58019256591794
-46.702419281005945,4,3,243.29758071899406
-12.872947692871122,2,0,232.12705230712888
-45.8459205627442,3,0,224.1540794372558
-8.042625427246094,0,1,241.9573745727539
-47.89557266235357,5,0,242.10442733764643
-57.39259338378906,0,0,227.60740661621094
-30.903953552246122,3,1,244.09604644775388
-36.554344177246094,4,1,243.4456558227539
-62.4090576171875,1,1,227.5909423828125
-91.278434753418,1,2,233.721565246582
-63.49518585205078,9,0,226.50481414794922
-12.832778930664034,1,0,232.16722106933597
-6.518764495849609,0,0,233.4812355041504
-30.064117431640597,3,1,244.9358825683594
-12.35366821289054,5,0,242.64633178710946
-65.2192153930664,6,0,239.7807846069336
-69.78868484497076,6,2,240.21131515502924
-20.03207778930664,0,0,229.96792221069336
-7.827621459960881,3,1,247.17237854003912
-36.02913284301755,2,3,228.97086715698245
-30.38443756103524,4,2,239.61556243896476
-29.89353942871091,6,0,245.1064605712891
-30.93084716796872,6,0,244.06915283203128
-42.33593368530282,3,1,237.66406631469718
-55.82752227783206,3,1,224.17247772216794
-52.24827194213873,6,1,247.75172805786127
-64.72783279418948,5,0,225.27216720581052
-5.6867828369140625,1,0,239.31321716308594
-36.743259429931726,6,0,238.25674057006827
-31.929149627685632,2,1,243.07085037231437
-39.30083084106445,0,0,220.69916915893555
-62.84917068481445,6,0,247.15082931518555
-38.468368530273494,1,1,241.5316314697265
-27.54111099243164,1,0,232.45888900756836
-0.039936065673828125,2,0,244.96006393432617
-40.17518997192386,7,0,244.82481002807614
-32.614994049072294,7,0,242.3850059509277
-25.57812881469721,3,0,239.4218711853028
-50.102382659912166,5,2,244.89761734008783
-37.81879043579107,3,3,237.18120956420893
-52.688526153564425,8,0,247.31147384643558
-19.403747558593807,1,2,240.5962524414062
-58.681438446044865,5,1,226.31856155395513
-59.988639831543,8,1,225.011360168457
-40.55146026611325,5,1,244.44853973388675
-37.81950759887695,1,2,227.18049240112305
-37.63496017456055,3,4,247.36503982543945
-45.81899642944333,1,0,229.18100357055667
-15.845401763916072,3,2,239.15459823608393
-89.13078689575198,7,1,240.86921310424802
-62.91742706298828,4,0,227.08257293701172
-16.144981384277287,1,1,238.8550186157227
-23.7317276000976,3,1,241.2682723999024
-18.207351684570312,0,0,236.7926483154297
-28.624927520751953,3,2,241.37507247924805
-49.8499488830567,1,0,240.1500511169433
-39.65946578979492,5,0,230.34053421020508
-84.25838851928711,2,3,220.7416114807129
-47.483901977539006,3,0,237.516098022461
-27.657566070556612,0,1,242.3424339294434
5.685573577880859,2,1,240.68557357788086
-13.747726440429716,0,0,231.25227355957028
-35.60719299316409,1,1,234.3928070068359
-17.96823883056635,1,2,237.03176116943365
-53.2426109313964,2,6,236.7573890686036
-25.32462692260745,1,1,234.67537307739255
-55.796382904052734,2,1,239.20361709594727
-39.93832015991214,1,1,240.06167984008786
-17.000915527343807,0,1,237.9990844726562
-29.693111419677678,0,0,235.30688858032232
-50.28432083129886,1,0,229.71567916870114
-85.20291519165042,9,0,229.79708480834958
-18.014289855957088,1,0,236.9857101440429
-32.170814514160156,0,3,237.82918548583984
-57.64875793457034,0,3,242.35124206542966
-52.98482513427737,0,1,227.01517486572263
-26.600494384765653,1,1,238.39950561523435
-72.06650924682617,0,6,222.93349075317383
-37.156211853027344,2,3,222.84378814697266
-11.109218597412081,0,0,238.89078140258792
-34.50312423706055,1,0,230.49687576293945
-75.05994033813474,5,1,229.94005966186526
-2.6258621215820597,0,0,232.37413787841794
-31.64339828491208,2,0,233.35660171508792
-38.348731994628906,0,0,241.6512680053711
-32.8603706359863,1,0,232.1396293640137
-59.83537292480469,2,1,225.1646270751953
-46.38893508911133,0,1,233.61106491088867
4.096263885498047,0,1,244.09626388549805
-23.015995025634794,0,1,236.9840049743652
-29.874244689941406,0,1,235.1257553100586
-31.44266891479498,1,2,243.55733108520502
-46.89171981811526,0,0,238.10828018188474
-16.70758056640622,1,2,238.29241943359378
-2.996253967285128,0,0,237.00374603271487
-23.894630432128878,2,1,231.10536956787112
-26.52216339111328,1,3,233.47783660888672
-50.23106384277341,0,0,229.7689361572266
-30.910678863525362,2,1,234.08932113647464
-40.615291595458984,2,1,224.38470840454102
0.2476806640625,0,1,235.2476806640625
-32.53602600097662,1,1,237.46397399902338
-69.74560928344724,2,0,220.25439071655276
-49.5076065063476,2,1,220.4923934936524
-50.402416229248075,5,0,234.59758377075192
-14.16947555541995,0,1,235.83052444458005
-5.952816009521456,0,1,239.04718399047854
-66.50007247924805,1,0,223.49992752075195
-65.99039459228518,2,0,224.00960540771482
-44.53368377685547,1,1,235.46631622314453
-10.851802825927734,0,1,234.14819717407227
-27.931583404541016,0,2,232.06841659545898
-25.151935577392607,0,1,209.8480644226074
-32.757835388183594,0,0,227.2421646118164
-31.506248474121122,4,0,233.49375152587888
-57.69243621826172,2,0,232.30756378173828
-4.818778991699247,0,4,240.18122100830075
-23.23369216918948,0,4,241.76630783081052
-47.18444442749026,3,2,232.81555557250974
-17.5915145874024,2,0,237.4084854125976
-7.051174163818359,0,0,227.94882583618164
-8.700683593749972,0,0,231.29931640625003
-51.63867950439453,0,0,238.36132049560547
-13.815681457519531,1,1,226.18431854248047
-57.712818145751925,0,4,237.28718185424808
-11.725894927978516,1,0,233.27410507202148
-21.710487365722656,1,1,233.28951263427734
-81.14663314819336,1,5,213.85336685180664
-23.925697326660213,2,0,236.0743026733398
-63.3585090637207,1,6,211.6414909362793
-35.82085418701166,3,0,234.17914581298834
-5.18981170654294,0,1,234.81018829345706
-33.412025451660156,0,4,211.58797454833984
-22.239986419677734,1,4,222.76001358032227
-47.663795471191435,0,1,232.33620452880857
-12.818607330322237,0,0,237.18139266967776
-78.67922210693362,2,1,221.32077789306638
-29.637775421142635,0,1,235.36222457885737
-29.67137908935547,0,0,225.32862091064453
-44.283809661865234,2,1,235.71619033813477
1.453804016113338,0,0,236.45380401611334
-22.12984085083005,2,1,237.87015914916995
-45.566734313964844,3,0,219.43326568603516
-16.267257690429744,1,0,238.73274230957026
-36.94408416748041,1,0,238.0559158325196
-29.529193878173857,1,1,235.47080612182614
-0.9124984741210653,0,3,234.08750152587893
-31.17011260986328,2,1,228.82988739013672
-30.130531311035156,1,1,229.86946868896484
-50.4438667297363,2,0,229.5561332702637
-33.26249313354492,0,1,231.73750686645508
-8.16008758544919,1,1,236.8399124145508
-1.998306274414091,0,0,238.0016937255859
-35.30651092529297,3,0,239.69348907470703
31.1869926452637,0,0,236.1869926452637
-20.68323898315427,3,0,234.31676101684573
3.2259521484375,0,0,238.2259521484375
-22.11589813232419,0,2,232.8841018676758
-46.46669387817377,0,2,238.53330612182623
-31.683013916015625,0,2,233.31698608398438
-48.12152862548825,3,2,226.87847137451175
-21.42956542968747,0,3,238.57043457031253
-15.033500671386747,4,0,239.96649932861325
-14.420864105224638,3,0,230.57913589477536
-35.52229690551755,1,1,229.47770309448245
-21.5443115234375,0,1,238.4556884765625
-58.011314392089844,5,1,226.98868560791016
-17.48956298828122,1,1,237.51043701171878
-14.564308166503935,0,2,240.43569183349607
0.9868888854980185,1,1,240.98688888549802
5.4297027587890625,1,1,240.42970275878906
-49.95922851562494,3,1,235.04077148437506
-4.227806091308565,0,0,235.77219390869143
-26.863399505615178,1,1,228.13660049438482
-11.31814193725586,0,1,238.68185806274414
-27.497222900390625,2,1,232.50277709960938
-17.951839447021513,1,0,242.0481605529785
-17.844715118408203,0,1,237.1552848815918
-7.518882751464901,0,0,237.4811172485351
-61.70100021362302,2,2,233.29899978637698
-19.89592361450198,3,1,240.10407638549802
-41.32855987548831,4,1,233.6714401245117
-44.3928298950195,1,0,230.6071701049805
-27.49972152709961,1,1,232.5002784729004
5.142112731933594,2,1,240.1421127319336
-0.6884460449219318,2,0,239.31155395507807
-21.298980712890682,1,0,238.70101928710932
-16.86155700683591,1,2,233.1384429931641
-12.58523941040039,1,0,237.4147605895996
-4.2107582092285725,0,0,235.78924179077143
-41.2399787902832,4,1,223.7600212097168
-11.016830444335966,2,0,228.98316955566403
-57.661350250244084,3,2,232.33864974975592
-32.462581634521456,1,1,227.53741836547854
-54.21886062622079,9,0,240.7811393737792
-62.78053665161133,1,3,237.21946334838867
-26.425628662109318,5,0,228.57437133789068
-45.403190612793026,1,0,234.59680938720697
-43.58256149291992,2,4,226.41743850708008
-42.8596763610839,6,0,232.1403236389161
-14.802776336670007,2,0,235.19722366333
-30.78528594970703,2,0,234.21471405029297
-33.23186111450195,1,0,236.76813888549805
-48.45363235473633,1,3,231.54636764526367
-46.515018463134766,5,2,228.48498153686523
-24.728355407714815,1,1,230.27164459228518
-41.12566375732422,1,1,233.87433624267578
-7.524734497070284,2,0,232.47526550292972
-20.274616241455163,3,1,234.72538375854484
-35.55659484863281,1,0,234.4434051513672
-52.27467346191409,3,2,232.7253265380859
-51.903202056884794,3,0,233.0967979431152
-2.00462722778326,1,1,227.99537277221674
-61.96137237548828,2,3,228.03862762451172
-30.748382568359403,1,0,234.2516174316406
-27.83919143676755,1,1,232.16080856323245
-19.04544448852542,0,0,235.95455551147458
-25.049430847168026,1,0,234.95056915283197
-0.1605033874512003,0,0,234.8394966125488
-9.240768432617159,0,1,235.75923156738284
-26.511890411376925,0,1,233.48810958862308
-20.709472656249943,0,0,234.29052734375006
-25.01296615600586,3,0,234.98703384399414
-3.2366676330566406,0,0,231.76333236694336
-27.384365081787138,3,0,232.61563491821286
-45.13188934326169,1,1,234.8681106567383
-45.76718139648432,3,1,234.23281860351568
-8.10385513305664,1,2,231.89614486694336
-24.129543304443388,1,1,230.8704566955566
-42.44732284545901,1,3,232.552677154541
-33.732479095458984,1,1,231.26752090454102
-51.56038665771487,5,0,228.43961334228513
-28.777225494384766,1,0,231.22277450561523
-28.971515655517635,4,0,231.02848434448237
-15.524875640869112,2,0,234.4751243591309
-67.40285491943362,2,4,222.59714508056638
-9.524620056152315,1,0,230.47537994384768
-21.799625396728544,3,0,238.20037460327146
-37.62339401245114,3,1,232.37660598754886
9.526428222656193,0,2,239.5264282226562
-33.357398986816435,3,0,226.64260101318357
-13.91937255859375,2,1,236.08062744140625
-52.870304107666044,7,2,227.12969589233396
-25.32027053833002,1,0,219.67972946166998
-46.13566589355469,5,0,228.8643341064453
-14.995193481445256,1,0,235.00480651855474
-27.75568389892581,4,0,237.2443161010742
0.046833038330078125,1,0,230.04683303833008
3.12733078002924,2,1,243.12733078002924
-15.838085174560604,5,0,234.1619148254394
-17.048336029052763,3,1,227.95166397094724
-3.287429809570284,1,1,241.71257019042972
-71.63008117675778,7,0,228.36991882324222
-20.748695373535156,3,1,234.25130462646484
-43.53200912475589,1,1,231.4679908752441
-49.43078613281253,0,0,225.56921386718747
-32.66772079467776,2,0,237.33227920532224
-37.33282470703125,2,0,237.66717529296875
-31.23981094360343,4,1,238.76018905639657
-54.330802917480526,7,0,225.66919708251947
-13.069911956787166,3,0,236.93008804321283
-24.256900787353516,2,1,230.74309921264648
-31.01618194580078,3,0,238.98381805419922
-56.97899627685541,3,0,238.0210037231446
-31.42342376708976,3,1,233.57657623291024
-41.04636383056638,3,0,223.95363616943362
-56.42610549926761,4,0,238.5738945007324
-35.229469299316435,8,0,239.77053070068357
-10.010536193847713,1,1,234.9894638061523
-44.59550094604492,7,0,240.40449905395508
-68.15031051635748,7,0,236.84968948364252
-23.818092346191463,5,2,236.18190765380854
-30.45039749145502,3,1,239.54960250854498
2.4317245483398153,2,0,237.43172454833982
-26.028339385986328,3,0,238.97166061401367
-33.61000442504886,3,0,236.38999557495114
-14.19647216796875,3,1,240.80352783203125
-32.93856430053714,3,0,227.06143569946286
-68.13938903808602,6,1,226.86061096191398
-16.29385757446289,1,0,233.7061424255371
-23.545860290527315,2,1,226.45413970947268
-2.12804031372076,1,0,237.87195968627924
-14.448921203613281,3,0,225.55107879638672
-15.703971862792969,2,1,239.29602813720703
-57.01375198364255,5,0,237.98624801635745
-2.389492034912166,1,0,232.61050796508783
-8.53066635131836,2,2,236.46933364868164
-34.542259216308565,2,1,230.45774078369143
4.265571594238281,2,0,239.26557159423828
-26.755828857421903,4,0,228.2441711425781
-11.756633758544979,2,0,243.24336624145502
-18.32462692260745,3,0,236.67537307739255
-25.36920928955078,4,0,239.63079071044922
-42.16781997680664,5,0,227.83218002319336
-2.5360603332518963,2,0,237.4639396667481
-55.22863388061518,3,2,234.77136611938482
-10.118038177490234,0,0,239.88196182250977
-27.2354736328125,2,3,242.7645263671875
-16.86983108520522,2,0,238.13016891479478
-1.2334213256836506,2,1,238.76657867431635
-31.407566070556612,7,1,238.5924339294434
-23.135101318359403,3,1,236.8648986816406
-35.44986343383786,1,2,224.55013656616214
-33.2933616638183,6,1,246.7066383361817
-19.44644165039051,1,0,230.5535583496095
-37.87295532226565,4,1,237.12704467773435
-33.28470993041995,4,0,226.71529006958005
-45.737293243408146,7,0,239.26270675659185
-7.758373260498075,2,0,237.24162673950192
-19.867076873779325,2,0,230.13292312622067
-9.659229278564482,4,0,230.34077072143552
-24.415515899658175,3,0,240.58448410034183
-14.279861450195256,2,0,240.72013854980474
-45.072799682617216,8,1,234.92720031738278
-29.811275482177706,1,1,225.1887245178223
-12.366863250732365,5,0,222.63313674926763
2.7191963195801065,1,0,232.7191963195801
-19.507511138916016,2,0,240.49248886108398
-24.897247314453097,7,0,240.1027526855469
-4.714279174804716,3,0,235.28572082519528
-33.209590911865206,2,0,231.7904090881348
-4.418682098388672,3,0,240.58131790161133
-28.80548095703122,1,0,236.19451904296878
-28.114059448242244,5,1,241.88594055175776
-5.223503112792912,1,0,229.7764968872071
-43.863166809081974,4,0,221.13683319091803
-1.8382682800292685,3,0,238.16173171997073
-35.996879577636776,3,1,234.00312042236322
-26.45411682128909,2,4,243.5458831787109
-14.098628997802791,3,1,240.9013710021972
-27.51960754394537,6,0,237.48039245605463
-14.963195800781222,1,0,230.03680419921878
-30.204013824463004,3,0,239.795986175537
-22.75538635253912,3,1,237.24461364746088
-10.541069030761719,1,2,234.45893096923828
-31.076015472412166,3,4,238.92398452758783
-20.129489898681612,3,2,229.8705101013184
-16.438011169433594,4,0,238.5619888305664
-57.6566543579101,3,0,237.3433456420899
-47.1519470214844,5,1,237.8480529785156
-24.348915100097628,6,0,240.65108489990237
3.6132278442381676,3,0,238.61322784423817
-13.555301666259766,2,1,216.44469833374023
-36.92863082885745,5,0,223.07136917114255
-39.04310989379886,3,0,225.95689010620114
-11.077365875244112,0,1,223.9226341247559
-62.250938415527344,4,1,222.74906158447266
-37.02134323120114,3,1,237.97865676879886
-67.53613662719724,3,3,212.46386337280276
-21.698272705078125,2,4,228.30172729492188
-11.39540100097662,1,2,243.60459899902338
-11.49745178222662,1,2,238.50254821777338
-35.002979278564425,4,0,229.99702072143558
-40.61343002319339,3,1,224.3865699768066
-35.93755340576169,2,0,234.0624465942383
-25.523899078369112,0,1,239.4761009216309
-27.70313262939453,3,0,237.29686737060547
-9.558227539062528,2,0,235.44177246093747
-30.40290832519534,4,3,234.59709167480466
2.759124755859432,1,0,232.75912475585943
-24.6374320983887,5,1,240.3625679016113
-32.184188842773466,3,1,237.81581115722653
-56.633140563964815,2,1,238.36685943603518
-15.151466369628906,3,0,239.8485336303711
-12.853168487548885,2,2,237.14683151245112
0.5817947387695881,1,0,240.5817947387696
12.814819335937585,2,0,232.81481933593759
-9.518165588378906,3,0,225.4818344116211
-45.31583023071292,3,1,224.68416976928708
-6.095912933349609,3,2,238.9040870666504
-20.54189300537115,3,0,229.45810699462885
-9.971916198730497,3,1,240.0280838012695
-47.20379638671872,4,1,237.79620361328128
-24.532844543456946,1,0,230.46715545654305
-27.592796325683594,4,1,247.4072036743164
-7.964256286621065,0,0,232.03574371337893
-9.341342926025277,1,3,245.65865707397472
-34.1238098144531,3,0,245.8761901855469
-9.785964965820312,4,0,230.2140350341797
6.750415802001925,0,0,236.75041580200192
-18.755447387695312,6,1,236.2445526123047
-22.287826538085938,4,2,237.71217346191406
-35.786819458007784,2,0,229.21318054199222
-2.0809860229493324,2,1,242.91901397705067
-20.14149093627927,3,0,239.85850906372073
-24.247711181640653,1,0,225.75228881835935
1.2507209777832031,3,1,226.2507209777832
-43.709640502929716,7,0,231.29035949707028
-35.79432678222662,2,0,229.20567321777338
-52.6453742980957,0,0,232.3546257019043
6.760581970214815,1,0,226.76058197021482
-26.936840057373132,4,1,243.06315994262687
-16.600086212158203,4,1,233.3999137878418
-11.41548156738287,4,0,228.58451843261713
-10.4994735717774,1,0,229.5005264282226
2.266941070556669,0,0,217.26694107055667
-32.56705856323245,6,0,227.43294143676755
-12.111736297607422,1,2,242.88826370239258
-21.798336029052734,0,1,233.20166397094727
-38.74961853027344,0,0,216.25038146972656
-25.228954315185575,3,0,239.77104568481442
-40.18218612670893,5,1,244.81781387329107
-11.455547332763672,4,2,243.54445266723633
0.22372817993152694,4,0,240.22372817993153
-13.007396697998075,2,0,231.99260330200192
-31.700458526611357,2,0,233.29954147338864
-14.591426849365263,3,1,245.40857315063474
-9.655593872070312,1,2,240.3444061279297
14.510482788085909,3,0,239.5104827880859
-1.5774040222168253,1,0,233.42259597778317
-12.696292877197237,4,0,242.30370712280276
-13.466430664062528,3,0,231.53356933593747
7.347282409667997,1,0,237.347282409668
-47.00461959838873,0,0,222.99538040161127
-23.444301605224638,1,1,231.55569839477536
-65.42712020874023,5,0,219.57287979125977
-11.528205871582031,1,0,233.47179412841797
-5.106872558593722,1,0,234.89312744140628
15.936126708984347,1,0,230.93612670898435
-23.364505767822294,1,0,231.6354942321777
-22.74747085571292,0,0,237.25252914428708
-39.66815185546878,3,0,210.33184814453122
-5.890262603759737,0,2,229.10973739624026
2.7329406738281534,2,0,232.73294067382815
-13.633300781250028,0,0,236.36669921874997
-15.4612655639649,1,1,234.5387344360351
-32.18935012817383,3,0,237.81064987182617
-16.5853271484375,0,0,218.4146728515625
0.5160865783690838,3,0,240.51608657836908
-24.067127227783175,3,0,230.93287277221683
2.1456947326660156,0,0,232.14569473266602
-10.335418701171847,1,1,234.66458129882815
-34.65229415893549,2,0,220.3477058410645
15.562797546386719,1,0,240.56279754638672
-26.444725036621122,2,1,238.55527496337888
-4.391857147216797,0,0,230.6081428527832
-25.39066314697257,3,1,239.60933685302743
-32.94554901123047,3,0,227.05445098876953
-19.524696350097628,0,2,230.47530364990237
-24.344200134277344,2,0,230.65579986572266
-43.81687164306638,3,3,226.18312835693362
-24.801483154296875,1,0,230.19851684570312
-4.4348182678223225,1,0,235.56518173217768
0.3154869079590412,2,0,240.31548690795904
-15.813980102539034,3,0,229.18601989746097
-21.00925445556632,1,0,233.99074554443368
-4.850368499755859,1,0,225.14963150024414
-36.103206634521484,8,0,233.89679336547852
-8.104724884033232,2,0,226.89527511596677
-31.767787933349638,1,0,238.23221206665036
-51.428627014160156,5,0,228.57137298583984
6.952705383300696,3,0,236.9527053833007
-15.362319946289034,2,0,239.63768005371097
-12.431564331054744,2,0,232.56843566894526
-10.468013763427791,1,1,239.5319862365722
-31.26750946044922,2,0,228.73249053955078
-4.52336883544919,1,1,240.4766311645508
-2.614826202392692,2,1,237.3851737976073
-38.12786102294922,3,1,211.87213897705078
-45.258995056152315,1,2,224.74100494384768
-7.274875640869141,0,1,237.72512435913086
16.55522155761716,1,0,236.55522155761716
-22.01093673706046,1,0,242.98906326293954
-3.1021156311035156,0,1,236.89788436889648
-49.105419158935575,6,0,235.89458084106442
-5.613239288330135,3,0,239.38676071166987
-15.13198471069336,4,0,234.86801528930664
-4.741798400878906,1,1,235.2582015991211
-11.011852264404297,1,0,233.9881477355957
-12.48019790649414,2,0,227.51980209350586
-4.25775909423831,0,0,230.7422409057617
-19.246734619140625,0,0,235.75326538085938
-15.302677154541044,2,0,229.69732284545896
-30.48625946044922,1,1,224.51374053955078
-14.402660369873018,0,3,230.59733963012698
-2.0488433837890057,1,0,237.951156616211
-11.474735260009766,2,0,233.52526473999023
-10.229774475097628,1,0,229.77022552490237
-21.710296630859318,2,0,238.28970336914068
-13.159301757812528,1,0,216.84069824218747
-59.904701232910185,1,1,230.09529876708982
21.96473693847659,0,0,236.9647369384766
-31.798240661621122,2,0,223.20175933837888
-5.715950012207031,0,3,234.28404998779297
-18.23727798461914,0,0,231.76272201538086
-22.862056732177763,0,0,227.13794326782224
-26.519382476806612,1,2,233.4806175231934
-5.856090545654297,1,0,229.1439094543457
-45.43644714355466,4,0,234.56355285644534
-17.735660552978516,0,1,212.26433944702148
-53.28902053833008,4,1,221.71097946166992
-33.32322311401364,0,2,226.67677688598636
4.53632736206049,2,1,229.5363273620605
1.5265884399414347,1,1,226.52658843994143
3.330245971679716,0,0,233.33024597167972
4.56135940551755,2,0,239.56135940551755
-22.975902557373075,2,0,237.02409744262692
-26.63365554809573,3,0,233.36634445190427
2.552433013915987,0,1,237.552433013916
-28.133663177490263,5,0,221.86633682250974
-15.934341430664034,0,0,219.06565856933597
-1.0739250183105469,2,0,233.92607498168945
13.271583557128906,0,1,238.2715835571289
-5.226688385009737,1,3,234.77331161499026
14.166107177734403,0,2,239.1661071777344
0.2809295654296875,1,0,230.2809295654297
17.068412780761662,1,0,242.06841278076166
-48.48948669433588,5,0,236.51051330566412
-28.60464096069333,3,0,236.39535903930667
-14.899806976318445,1,0,240.10019302368156
-31.961250305175724,2,1,238.03874969482428
-8.377693176269446,2,0,241.62230682373055
-5.50682830810544,1,0,229.49317169189456
-21.378780364990206,2,0,233.6212196350098
-30.502079010009766,5,0,244.49792098999023
-6.809196472167969,3,1,243.19080352783203
2.5460624694824503,1,0,227.54606246948245
-27.368679046630774,3,0,232.63132095336923
4.522937774658203,0,0,234.5229377746582
-4.478015899658288,4,0,235.5219841003417
-7.496994018554659,0,0,232.50300598144534
5.128498077392521,0,1,235.12849807739252
-11.120326995849723,2,1,238.87967300415028
-18.033561706542997,3,0,236.966438293457
-2.110301971435547,1,0,237.88969802856445
-25.81369400024414,2,0,224.18630599975586
-1.8563537597655682,0,1,243.14364624023443
-13.62416839599615,0,0,231.37583160400385
5.172470092773466,0,0,240.17247009277347
-32.0895042419433,4,0,227.9104957580567
-10.406826019287081,2,0,229.59317398071292
-32.79779434204107,2,0,242.20220565795893
-13.475658416748047,2,1,236.52434158325195
-6.587116241455135,1,1,238.41288375854487
-0.6478576660155397,1,0,229.35214233398446
-10.608917236328153,0,3,244.39108276367185
-38.46784210205078,2,0,226.53215789794922
-11.510986328125057,1,0,243.48901367187494
-9.918342590332117,0,1,230.08165740966788
-37.1254501342774,10,0,232.8745498657226
-8.332431793212862,0,3,226.66756820678714
-44.69356918334961,3,1,230.3064308166504
-5.644771575927791,0,0,239.3552284240722
9.285739898681612,2,1,229.2857398986816
4.479156494140653,3,0,234.47915649414065
-17.271026611328125,1,1,227.72897338867188
-27.490516662597685,2,0,222.50948333740232
-22.290203094482365,0,3,227.70979690551763
-23.060707092285327,1,0,236.93929290771467
-39.109329223632756,4,1,230.89067077636724
15.216152191162081,1,0,240.21615219116208
-5.25176239013669,2,0,239.7482376098633
-11.940258026123104,3,3,243.0597419738769
5.826080322265568,0,1,235.82608032226557
-11.682376861572237,4,0,228.31762313842776
-5.9251556396484375,0,0,239.07484436035156
17.609767913818388,0,1,237.6097679138184
5.2012748718261435,0,1,235.20127487182614
20.049457550048743,1,0,240.04945755004874
-1.4000282287597372,1,1,238.59997177124026
-25.790332794189425,0,1,234.20966720581058
12.230972290039091,0,0,232.2309722900391
-18.794071197509822,0,2,231.20592880249018
-4.197406768798885,2,0,230.80259323120112
-27.4139785766601,2,1,232.5860214233399
5.132186889648466,0,1,235.13218688964847
-9.3953857421875,1,1,230.6046142578125
-6.071018218994141,0,0,233.92898178100586
-2.0666885375976562,0,1,237.93331146240234
6.423397064209041,1,1,241.42339706420904
-3.2167739868164062,3,0,231.7832260131836
-12.835010528564396,3,0,237.1649894714356
-20.34219741821292,0,0,229.65780258178708
-26.548271179199162,2,0,228.45172882080084
-26.945220947265568,2,0,228.05477905273443
-2.0597457885742188,1,1,232.94025421142578
5.101551055908175,1,0,235.10155105590817
-8.211513519287081,2,0,236.78848648071292
-11.91498565673831,2,1,228.0850143432617
5.22840499877924,0,0,235.22840499877924
-7.989864349365234,0,0,237.01013565063477
-11.503143310546875,1,0,238.49685668945312
-35.77871704101565,3,0,229.22128295898435
-5.9878730773926065,2,0,234.0121269226074
18.058387756347628,0,0,233.05838775634763
6.508258819580078,1,0,231.50825881958008
-3.665267944335966,0,0,236.33473205566403
3.514873504638672,2,0,228.51487350463867
0.7139015197753338,1,0,230.71390151977533
-5.29438018798831,1,0,234.7056198120117
6.079963684082031,0,1,236.07996368408203
-26.715354919433594,4,1,228.2846450805664
14.387378692626896,1,0,234.3873786926269
-11.04771804809576,3,0,228.95228195190424
-19.299613952636662,1,0,235.70038604736334
8.710880279540987,1,0,233.710880279541
-13.681770324707003,0,1,231.318229675293
-0.9546737670898438,0,0,234.04532623291016
-21.3383979797363,2,0,228.6616020202637
-27.882835388183565,1,0,227.11716461181643
-5.412780761718778,3,0,229.58721923828122
1.013504028320284,0,1,236.01350402832028
7.367023468017578,0,0,237.36702346801758
-0.9913825988769815,0,0,224.00861740112302
-4.233474731445284,0,2,225.76652526855472
-25.037307739257926,3,0,229.96269226074207
3.621704101562443,1,0,233.62170410156244
2.8851623535156534,1,2,237.88516235351565
-50.89152145385742,0,0,214.10847854614258
10.762741088867188,1,0,230.7627410888672
-26.439109802246094,4,1,233.5608901977539
9.255599975585852,2,0,234.25559997558585
-6.3746376037598225,0,0,233.62536239624018
-29.70438766479495,0,0,230.29561233520505
-21.296550750732422,1,0,233.70344924926758
1.134220123291044,3,0,231.13422012329104
-8.221889495849695,0,1,241.7781105041503
-18.947185516357422,2,1,221.05281448364258
5.236358642578153,0,1,230.23635864257815
-27.884361267089815,1,0,232.11563873291018
1.1662750244140625,1,1,236.16627502441406
-1.7923889160156818,0,0,233.20761108398432
-12.408039093017578,1,0,232.59196090698242
14.361534118652344,0,0,229.36153411865234
-32.41056823730466,1,0,227.58943176269534
-4.30195236206049,0,0,240.6980476379395
14.69333267211914,1,0,234.69333267211914
-25.007556915283203,4,0,229.9924430847168
-10.622856140136832,0,0,234.37714385986317
5.393589019775334,1,0,240.39358901977533
-16.40714645385748,3,0,238.59285354614252
4.864723205566463,1,1,229.86472320556646
7.871784210205135,0,0,232.87178421020513
21.508441925048857,0,0,231.50844192504886
-13.018520355224581,4,0,231.98147964477542
-6.955844879150391,2,0,238.0441551208496
-5.6270294189453125,1,0,224.3729705810547
1.4302024841309162,1,0,236.43020248413092
-1.0146369934082031,3,0,233.9853630065918
-1.4536361694335938,4,0,238.5463638305664
-17.031337738037138,2,0,237.96866226196286
-24.282466888427706,2,0,220.7175331115723
14.919914245605497,0,0,229.9199142456055
14.106460571289062,0,0,229.10646057128906
-22.668613433837862,1,1,222.33138656616214
-16.264934539794922,3,0,238.73506546020508
-1.147140502929659,0,0,228.85285949707034
-22.538646697998047,2,0,227.46135330200195
-8.606666564941463,0,0,226.39333343505854
-13.792072296142578,1,0,241.20792770385742
7.75530242919919,0,0,222.7553024291992
-1.16925048828125,0,0,228.83074951171875
-20.408363342285185,0,0,229.59163665771482
6.679100036621094,0,1,226.6791000366211
9.42080307006836,0,0,229.42080307006836
-8.66943359375,1,0,221.33056640625
-7.659210205078125,0,1,232.34078979492188
-24.614166259765625,0,2,225.38583374023438
12.839889526367188,0,0,227.8398895263672
-1.3356056213379475,0,0,228.66439437866205
-23.576709747314425,2,0,231.42329025268558
-17.072891235351506,0,0,227.9271087646485
9.0423583984375,1,0,229.0423583984375
1.4137077331542969,0,0,226.4137077331543
-7.357929229736328,0,2,232.64207077026367
-13.04333877563468,2,0,236.95666122436532
4.693553924560575,3,0,239.69355392456058
-54.20735549926761,3,0,220.7926445007324
-33.01409149169922,0,0,226.98590850830078
-16.331241607666016,0,0,223.66875839233398
-4.918586730957031,0,1,230.08141326904297
-13.345882415771484,0,0,226.65411758422852
-0.6798591613769531,0,0,229.32014083862305
8.318218231201172,0,0,228.31821823120117
-18.633914947509766,1,0,216.36608505249023
-20.502296447753906,0,0,229.4977035522461
-19.154212951660213,0,0,230.8457870483398
-7.309825897216825,0,0,227.69017410278317
-50.24704360961914,0,1,229.75295639038086
3.3428688049316406,0,2,233.34286880493164
0.033748626708984375,0,1,230.03374862670898
0.17432403564450283,1,0,225.1743240356445
-10.899925231933594,0,1,224.1000747680664
-7.340999603271513,0,0,222.6590003967285
-16.39773941040039,0,0,228.6022605895996
-39.752182006835966,0,0,220.24781799316403
-14.040252685546903,0,0,225.9597473144531
-16.06133270263672,0,0,228.93866729736328
-12.900817871093722,2,0,232.09918212890628
-11.955333709716797,0,0,223.0446662902832
-10.828125,0,0,224.171875
-18.843219757080078,0,0,221.15678024291992
-20.825408935546847,2,0,239.17459106445315
-25.414020538330107,6,0,239.5859794616699
11.060848236083984,2,0,246.06084823608398
-22.692626953125,0,0,222.307373046875
-12.163715362548771,3,0,237.83628463745123
-7.27594757080081,0,0,217.7240524291992
-28.19818496704113,2,0,236.80181503295887
-18.49172592163086,4,0,241.50827407836914
22.416900634765682,1,0,237.41690063476568
6.313468933105526,3,0,236.31346893310553
-47.991794586181726,8,0,232.00820541381827
-18.472320556640625,0,2,221.52767944335938
-7.684257507324219,0,1,227.31574249267578
3.0272064208984375,0,0,228.02720642089844
7.782806396484403,1,0,237.7828063964844
-33.25423049926749,6,0,236.7457695007325
-19.556400299072266,4,0,225.44359970092773
-5.162094116210909,1,0,229.8379058837891
-11.322677612304688,0,1,228.6773223876953
-9.466384887695312,0,0,225.5336151123047
-9.063724517822266,2,0,225.93627548217773
-6.270347595214844,0,1,228.72965240478516
-19.819690704345703,0,0,215.1803092956543
-12.68995666503912,4,0,237.31004333496088
9.211009979248075,0,0,224.21100997924808
-24.928291320800696,6,0,235.0717086791993
-1.2367782592773438,0,0,228.76322174072266
1.5686836242675497,3,0,236.56868362426755
6.829120635986214,1,0,236.82912063598621
1.5449790954589844,1,0,231.54497909545898
20.652263641357507,0,0,240.6522636413575
-21.247783660888643,3,0,238.75221633911136
-20.456230163574276,1,0,209.54376983642572
-28.311607360839815,4,0,221.68839263916018
-16.716819763183594,2,0,238.2831802368164
-18.960674285888643,1,1,216.03932571411136
-16.153026580810547,0,1,218.84697341918945
8.477516174316435,0,0,223.47751617431643
